first_name,last_name
Eadith,Oris
Giffie,Dreinan
Corrianne,Rafe
Carissa,Trebbett
Marten,Highway
Caron,Horbart
Willie,Jervoise
Carina,Fink
Tiena,Aron
Harlie,Mortell
Idalia,Hilhouse
Marco,Peter
Bobinette,Labroue
Avrom,Girardet
Donna,Sheal
Peggi,Jacqueme
Marsha,Attwoul
Tova,Grellier
Ramona,Neale
Stephen,Gannicleff
Paule,Shall
Dode,Hendonson
Carlita,Childers
Erminie,Dybbe
Elianore,Seagood
Jaquelyn,Rosso
Erminia,Whinney
Shawn,Eubank
Leonardo,Kamenar
Cobby,Pinfold
Barn,Parnaby
Cherianne,Berthomieu
Rick,Farndale
Myrtie,Elks
Andris,Livesley
Morey,Elam
Brand,Audas
Raleigh,Alsford
Sandy,Daens
Arnuad,Boothby
Shoshanna,Willows
Kerry,McCafferty
Jsandye,Craighill
Cayla,Shakesbye
Lilah,Kimbley
Clarissa,Ranger
Wileen,Houlridge
Fransisco,Gladwell
Gill,Patifield
Chickie,Dachey
Ayn,Matz
Adolph,Petegree
Zia,Smogur
Susan,Feldmann
Jarred,Meaker
Elfie,Kolis
Diannne,Butterley
Ole,Antonovic
Jimmie,Goodbairn
Leola,McLise
Christoffer,Tuckey
Harlen,Coggins
Carlyle,Gouly
Darbie,Gillian
Perri,Jobey
Justinn,Clemes
Sheela,Yielding
Yurik,Evert
Lian,Feldhuhn
Trevor,Arnison
Devin,Paddefield
Rudie,Chevis
Roseline,Petrovsky
Creigh,Houlton
Duane,Annes
Jermaine,Tullett
Dolorita,Vanichev
Rosalinde,Caldicott
Betteanne,Scanlon
Nonah,Dyers
Hunfredo,Barstow
Avivah,Charlick
Raffarty,Dray
Letti,Burder
Ewan,Braisted
Percy,Webley
Sabina,Bosquet
Solly,Seide
Cull,Lewisham
Dedra,Sawdy
Thurston,Malone
Torrence,Ree
Marge,Dyball
Antonella,Matuschek
Ogdon,Hayball
Cordula,Boddam
Farr,Lutwyche
Quent,Ferrige
Noby,Levay
Cherrita,Kidson
Alaine,Cole
Charis,Berceros
Rabbi,Aksell
Melody,Anscott
Guilbert,Costelloe
Vincent,Medmore
Gerri,Kase
Roslyn,Duplan
Pattie,McPhillips
Hillier,Remer
Bronnie,Ruzicka
Simonne,Bills
Nikki,Stoeckle
Wyndham,Mirrlees
Enrika,Barkworth
Noelani,Pellew
Jean,Motherwell
Nils,Jolliffe
Ruby,Brockherst
Karina,Goldstein
Editha,Mulvey
Emmalyn,Clausewitz
Beverley,Folland
Brietta,Holsall
Gilberto,Orgel
Jaime,Balmadier
Clare,Danielis
Che,Brookwood
Shelby,Graeber
Rickie,McCleary
Lana,Brodway
Kim,Tarbox
Timothea,Darkins
Gerhard,Henlon
Pincus,Darnbrough
Gilberto,Pezey
Job,Kollach
Federico,Millott
Gert,Mableson
Charmine,Acres
Aleece,Burl
Minne,Janusz
Gaylord,McAvaddy
Arvie,Wison
Lynna,Sattin
Moyna,Dominelli
Luther,Heinsen
Gnni,Morena
Ryun,Filochov
Derward,Barhams
Nerte,Gonzalvo
Sandie,Poultney
Charlie,Livezley
Idalia,Pautot
Camila,Zoppie
Roderic,Jewiss
Lynnett,Drakers
Torrin,Grafton-Herbert
Portie,Broinlich
Murray,Ibotson
Oralie,Pessold
Malachi,Woliter
Naomi,Dakhov
Inger,Rudwell
Suzanne,Soutter
Pearle,Stennings
Vinnie,Honsch
Rozalin,Brownsmith
Walther,Crowson
Fraser,Tefft
Deane,Iashvili
Stu,Crowley
Orran,Elves
Celine,Giamuzzo
Paige,Abbyss
Kathleen,Barbour
Flory,O' Culligan
Lorette,Hanlin
Catina,Joselevitz
Andris,Gergely
Emilia,Kingzet
Alanah,Whatford
Dev,Tiler
Morse,Stinson
Lincoln,D'Almeida
Mohandis,Sewter
Maryanna,Maskelyne
Jacenta,Oade
Timotheus,Sandeman
Kass,Plose
Neall,Hatherill
Maressa,Lockney
Daryl,Skippings
Kennett,Stanton
Ennis,Cronk
Arlene,De Launde
Bertina,Sexstone
Alard,Silbert
Tessie,Cowp
Davidde,Clyde
Ambrose,Terbeek
Karry,Divina
Lyn,Finlator
Eugenio,Bosward
Sidoney,Saice
Kailey,Manston
Nicola,Marzelli
Damon,Chimenti
Elizabeth,Chadd
Harv,Ellerey
Prisca,Fairbrace
Mina,Faier
Merle,Sixsmith
Andreas,Doles
Riley,Blewett
Sibella,Jirka
Dill,McFater
Jerrine,Leynagh
Nonna,Grumble
Reade,Keaysell
Pearl,Richin
Donnie,Pugh
Dehlia,Demangel
Mychal,Bradick
Kristi,De Maria
Karyn,Tozer
Ula,Wloch
Randi,Branney
Bruno,Kirtley
Giuditta,Zorer
Agace,Crook
Saraann,Renachowski
Ally,Catterell
Heidi,Hansberry
Eliot,Pumfrett
Agatha,Hugh
Elene,Perrington
Abrahan,Landsborough
Hillary,Krol
Lynnea,Hyne
Bryn,Gallier
Cassius,Belton
Wilfred,Poyle
Zitella,Percifull
Denis,Klimashevich
Terrijo,Alesbrook
Zaria,Meachem
Dody,Girsch
Neely,Marval
Ardeen,Gynne
Artemis,Mellanby
Maje,Janaud
Sondra,Franiak
Tamarah,Littlefair
Ario,McGrirl
Melba,Bendixen
Jacinda,Donhardt
Maridel,Chart
Garner,McGavin
Alistair,Iston
Mimi,McIlenna
Jolie,Shanley
Anton,Riccardo
Claudine,Jewer
Langston,Revelle
Yetta,Haysey
Shaughn,Seeman
Teodoor,Serginson
Godart,Bellard
Clareta,Halegarth
Dion,Schulkins
Tabby,Norquoy
Lisabeth,Kleiner
Barr,Iianon
Pierce,Pie
Rosalia,Henstone
Ned,Vousden
Luce,Synder
Austin,Whaplington
Thornie,Sibbering
Cary,Nunn
Madalyn,Maryon
Inger,Kettoe
Martha,Hacquel
Nowell,Coslett
Jerri,Aronin
Shaw,Fenners
Lenard,Ibberson
Josephine,Horbath
Berkie,Etienne
Noemi,Tremolieres
Ilka,Branni
Currie,Mooney
Mada,Cansfield
Kermie,Titterell
Beverley,Serrels
Aida,Seadon
Jessie,Tithecott
Andra,Ivanyutin
Donalt,Morratt
Collette,Bernon
Robers,Brinkworth
Cathyleen,Curle
Christopher,Craggs
Lamont,Chin
Kippie,Ives
Julina,Habbes
Christiane,Dyhouse
Tamra,Blaske
Chase,Kamenar
Hugues,Coleyshaw
Sheri,Melesk
Mollie,McCafferky
Kayle,O' Finan
Roi,Ridgeway
Berry,Jiruch
Gustaf,Asee
Lolita,Mapplethorpe
Ada,Manwell
Raf,Menzies
Elvera,Pendrich
Yurik,Mowlam
Sioux,Eastbury
Piper,Carnell
Ailee,Legier
Lolly,Ellerington
Georgie,Beddoe
Kathye,Meah
Kathie,Tresise
Leanna,Moxted
Parry,Tuxsell
Johanna,Bacop
Augustina,Chittleburgh
Dolley,Heiss
Donni,Bessant
Hubey,Gott
Bat,Yurivtsev
Virginie,Lavrinov
Denise,Brodley
Amery,Van Ross
Maynard,Corbishley
Elly,Izacenko
Hamel,Michallat
Kermy,Buyers
Gram,Klaes
Meggie,Orlton
Boy,Fallowes
Lorrie,Vitler
Sabina,Doumerque
Carrissa,Pepler
Rhoda,Brabban
Neville,Samter
Clayborn,Halloran
Cassi,Larcier
Allianora,Elcome
Taber,Clevely
Constancia,Cheine
Stacee,Beauvais
Violante,Lancett
Arlyne,Patington
Chrysa,Epton
Berkley,Jaquiss
Law,Petracci
Westley,Bygate
Buddie,Joint
Robenia,Ganning
Pansie,Roscamps
Lorinda,Ottewill
Delmer,Pietsma
Lotty,Wragge
Tresa,Decent
Shelli,Watford
Effie,Chestle
Chryste,Jopke
Conrade,Mainston
Desi,Cadding
Brady,Bote
Violet,Bulbeck
Jory,Bewicke
Engelbert,Georgiev
Walton,White
Wainwright,Rosensaft
Vicky,Kauscher
Winni,Ferrarone
Hillier,Dahlgren
Sherlocke,Rowe
Fawne,Margeram
Martica,Mulvey
Raye,Monument
Morie,Cavaney
Chip,Dilland
Dianne,Skpsey
Butch,Foucard
Dyna,von Hagt
Lorain,Varvell
Jonie,Mixer
Catarina,Daughtry
Randie,Bloss
Elane,Belverstone
Cirillo,Summerbell
Angie,Loveredge
Auguste,Treadwell
Maria,Chapell
Manolo,Porteous
Emmett,Taillard
Sabine,Pepin
Justus,Durand
Rowena,Bellay
Humberto,Stinchcombe
Claudelle,Naismith
Amelina,Bunkle
Karleen,Arlott
Forrester,Shipman
Melany,Bohling
Rutledge,Berthe
Orville,Riteley
Hewie,Minget
Broddy,Cissell
Orsola,Hammerstone
Karon,Igoe
Karola,Mew
Madeline,Pimer
Job,Feldheim
Francesco,Comiam
Dolores,Gilphillan
Orelle,Aries
Wendall,Elstow
Sibyl,Bru
Ailee,Kiebes
Karlie,Skurray
Roseline,Casarini
Shay,Percy
Deedee,Heynen
Eda,Bleas
Malena,Lavens
Bethina,Sowrey
Northrop,Rois
Roseline,Bertomier
Christoph,Hugli
Baldwin,Corradini
Reeva,Martinec
Carey,Holttom
Bliss,Veitch
Kennan,Pimer
Dani,Van der Kruis
Cheri,Needs
Miof mela,Benford
Glennis,Rodgier
Opaline,Bowstead
Brennen,Nodes
Jose,Salzburg
Janeva,Brolly
Bret,Rubinshtein
Rakel,Mabley
Danny,Prestwich
Micaela,Hambridge
Denny,Malham
Sherline,Miall
Noell,Rheubottom
Clarance,Du Plantier
Simmonds,Cruxton
Bail,Roe
Shannan,Janaway
Kiersten,Disdel
Germana,Civitillo
Katherina,O'Shiels
Elihu,Terbruggen
Leanor,Cottham
Prentiss,Buttler
Deerdre,Sherel
Martica,Dolohunty
Alexine,Lacaze
Leonie,Yokel
Wilhelmine,Argontt
Earle,Scase
Moria,Lamlin
Wendeline,Eschalette
Raleigh,Boulden
Yancey,Jeff
Pall,Casaroli
Yvor,Caze
Faina,Pentecust
Jerrylee,Nelthrop
Leesa,Kiossel
Mohammed,Lundy
Maxwell,Haydney
Catherine,Cottle
Marcile,Martinet
Leoine,Eicke
Moira,Flanaghan
Rogerio,McKeever
Brian,Morit
Carena,Maude
Grace,Dumphrey
Adelheid,Paute
Koralle,Bonhan
Christoffer,Stanluck
Gregorio,Ollerton
Katlin,Lazenby
Daffy,Searles
Donella,Scurrah
Sergio,Gudgin
Rog,Garnsworth
Ginger,Wimp
Tomlin,Strugnell
Ameline,McSkeagan
Clarine,Deeves
Arni,Getty
Sargent,Echlin
Marcelline,Auchterlony
Rhody,Bisseker
Godart,Wasielewski
Winne,Chrstine
Jay,Maddison
Rollin,Squelch
Aubree,Beynke
Rudolf,Everist
Inigo,Partridge
Sergio,Moth
Adlai,Maso
Daniele,Roffey
Glen,Polamontayne
Winonah,Janman
Mercie,Hartwright
Olin,Bayston
Vin,Nuzzi
Orin,Maureen
Marty,Pardue
Lanae,Dowears
Marcelline,Pursglove
Tris,Linneman
Noah,Spragge
Claudine,Renfrew
Saul,Jeandet
Baron,Waddy
Lon,Dober
Vannie,Quixley
Thayne,Tirkin
Vanda,Bim
Brandtr,Coalburn
Harmony,Banks
Kylynn,Fenimore
Marje,Tufts
Mellisa,MacCrackan
Patrice,Moylane
Elysia,Denyer
Armando,Trudgeon
Tonia,McCandie
Amy,Sterricker
Irwin,Luna
Stormy,Pena
Laverne,Hassan
Humphrey,Rosenthal
Minnnie,McKnockiter
Peri,Ripley
Talbert,O'Garmen
Valdemar,Ferrettino
Bell,Daviddi
Lannie,Anstice
Janeta,Fernie
Cammy,Bundock
Modestia,Cooke
Keane,Deme
Bobine,Fearnsides
Astrid,Hellwich
Elaina,Felmingham
Kameko,Giamitti
Marrissa,Divers
Angie,Hattiff
Lucho,Comusso
Alli,Tassaker
Korney,Reinert
Quinlan,Dodd
Vlad,Deakins
Wilhelmina,Serraillier
Kimbra,Streater
Tandi,Blight
Junie,Shayler
Trudy,Fatscher
Pinchas,D'eye
Zechariah,Langeley
Salim,Ballinghall
Lucius,Parrington
Perla,Dummigan
Miof mela,Ventom
Salomo,Novkovic
Inessa,Rollett
Linea,O'Deoran
Lorene,Lye
Morganne,Barnsdall
Egor,Cazalet
Raviv,Rilings
Isidoro,Songhurst
Isis,Ewols
Marcel,Pester
Deirdre,Edgeon
Harriette,Largen
Nikolaos,MacDonough
Brok,O'Howbane
Ranna,Abotson
Carry,Bratcher
Masha,Rentoll
Ferrell,Sibbald
Aline,Ceaser
Letta,Holdall
Isaac,Kilcoyne
Heall,Spellacy
Broddie,Sapir
Maud,Andryunin
Ewell,Bilham
Lucienne,Eltun
Claudio,Biggar
Leda,McGillivrie
Johna,Moultrie
Marianna,Monroe
Georgeanna,Glencros
Emilio,Copsey
Alf,Dowbakin
Walt,Fermor
Elysha,Crockett
Bernie,Schoolcroft
Marius,Trethowan
Lina,Bernth
Cordey,Dawdary
Adelbert,Billitteri
Tiffie,Reburn
Melvin,Bunstone
Bobbe,Cristofolo
Elfreda,Chasemoore
Maudie,Unsworth
Cally,Dungay
Jimmy,MacDowal
Miguela,Strowthers
Sharla,Jacquemy
Doralin,Lymbourne
Willi,Hundey
Jonathon,Vignal
Julia,McDermid
Carling,Winsley
Rubia,Beavers
Roberta,Courtois
Babbette,Slocum
Alfy,Bottomley
Pembroke,Paradyce
Richy,Jobb
Greer,Eidler
Sadye,Gozzard
Tomaso,Balam
Godfrey,Sexstone
Gene,Rooms
Bryanty,Wile
Talyah,Antonellini
Vivia,Joppich
Rica,Huxstep
Eydie,Roussell
Missy,Shankster
Stavro,Eagland
Emilia,Iggulden
Mikael,Forsdike
Sayre,Le Barre
Myrah,Eaton
Devina,Kierans
Adda,Saice
Bank,Stonman
Aryn,Sholl
Skipton,Parkeson
Kris,Killik
Brennen,Vannuccini
Darn,Bathoe
Emylee,Cardno
Vale,Cronchey
Maye,Marson
Wolfy,Monk
Gran,Aslet
Neville,Loudyan
Florella,Shellibeer
Oralee,Beine
Reynold,Kenwood
Jelene,McBeith
Minetta,Tydeman
Cullan,Quelch
Salli,Ecclestone
Borg,Perryman
Jason,Angrave
Lisbeth,Weatherhill
Lauree,Brimson
Micah,Olivo
Carling,Camocke
Valentine,le Keux
Jobie,Bea
Lorraine,Side
Gun,Rudolf
Odelinda,Milburn
Cilka,Norrie
Chadwick,Overshott
Gradeigh,Drinan
Dom,Howford
Saunderson,Littlejohns
Denise,Bailes
Barrie,Critch
Gustave,Suffe
Joey,Queree
Ania,Struthers
Eileen,Sollitt
Abigail,Urquhart
Bartram,Chadburn
Veronica,Paule
Alta,Birtchnell
Tabb,Danneil
Merrill,Willgoose
Eugenie,Mort
Harriet,Pepall
Cesar,Anelay
Irvin,McCorley
Olwen,Bracken
Lotti,Bewshea
Essie,Kropach
Iormina,Flanner
Lyn,Noell
Renaldo,Bikker
Alberta,Danielian
Bertrando,Lorenzetti
Ardyce,McCrossan
Peria,Thelwll
Rosaline,Cokly
Di,Kelston
Deb,Lent
Valli,Prestie
Colan,Alloisi
Rubi,Sallnow
Hillyer,Erasmus
Rollins,Perelli
Nicola,Garbert
Tara,Foystone
Galina,Shortell
Dewain,Haspineall
Marchelle,Riste
Danica,Sember
Shaun,Domone
Caleb,Mantle
Cosetta,Dolling
Donnamarie,Picken
Rourke,Babbe
Alys,Laphorn
Henrietta,Muncie
Brien,Shrubshall
Hymie,Tow
Kacey,Whymark
Ally,Fowkes
Shanon,Deex
Dulcia,Francescuzzi
Amye,Vogele
Miguelita,Airlie
Ambrosi,Klossek
Naomi,Methuen
Druci,Pettengell
Worthy,Fellman
Urbain,Jephcott
Stefania,Valerius
Agace,Pooley
Gratia,MacDirmid
Tadeo,De Beauchemp
Dyana,Whitesel
Audrye,Meddemmen
Biddy,Lukacs
Alley,Wackett
Veriee,Mowbury
Oswald,Abramski
Tallie,Caney
Nissy,Casterou
Damara,Hawket
Tiertza,Lutton
Leon,Chapman
Clea,Furze
Dame,Sergison
Oona,Martin
Horst,Semper
Georgie,Beviss
Umeko,Rycraft
Denise,MacAughtrie
Melisent,Stangroom
Annice,Kivell
Ronny,Banville
Eddi,O'Toole
Brigg,Dosdale
Jennilee,Foort
Halsey,Maile
Adrienne,Lobell
Harri,Gaskarth
Fae,Kettow
Renato,Sillis
Bent,Matton
Mela,Raisher
Veronica,Faier
Edythe,Rycroft
Josee,Ellins
Killie,Avraham
Jorie,Hekkert
Roana,Tremonte
Shurlocke,Bullivent
Margaret,Oleshunin
Zola,Dungey
Rosemary,Philipard
Annice,Limmer
Christiano,Charpling
Tuesday,Racher
Kippie,Laroze
Miranda,Siburn
Nalani,Burtwell
Wally,Draysay
Leonora,Roubay
Barbara,Nuttall
Flori,Carlesi
Liza,Sandy
Billi,Gracey
Starlene,Meenehan
Foster,Sullly
Wyatan,Tiddy
Maren,Warlow
Caterina,McConnal
Mace,Lartice
Dorthy,Pealing
Thelma,Farren
Brockie,Markovic
Ermina,Gofford
Mitch,Spriggs
Sharity,Seal
Orran,Rawling
Lotty,Barling
Garrek,Cuxon
Farrell,Tunnow
Cacilie,MacClinton
Terra,Riggulsford
Pierce,Andreix
Rolfe,Pancast
Lela,Cupper
Libby,Bitchener
Moore,Casina
Damara,Rugg
Laurella,Hallowell
Ursula,Piniur
Carole,Wandrich
Melissa,Liddall
Madison,Jacobovitch
Dorene,Taberer
Ronda,Reay
Felipa,Simonson
Tabbie,Heppenspall
Findley,Arundell
Ailey,Poulgreen
Orella,Lillford
Willis,Cabrales
Cecilia,Hopkins
Yolande,Churms
Pauline,Fairham
Leighton,McGinney
Augustin,Marston
Dickie,Janodet
Cazzie,Semple
Corrina,Band
Oralla,Boatswain
Lowell,Moyles
Putnem,Stork
Donaugh,Stowell
Beale,Yeld
Maurice,Hansill
Koenraad,Aitkenhead
Addy,Nizard
Renaldo,Spyby
Octavia,Brundle
Steve,Currey
Hillery,Belcher
Jaymee,Robjant
Vi,Gensavage
Regan,Stodhart
Halley,Curnokk
Valentin,Northidge
Art,Ropartz
Ryon,Holdren
Adey,McCritchie
Ronnica,Spreag
Madelena,Marton
Laurice,Curme
Germaine,Cornforth
Linn,Imorts
Cesar,Pallin
Henrieta,Jaze
Cazzie,Hurle
Ned,Roffe
Lou,Ketchen
Pen,Winston
Kelsi,Reimers
Ricardo,Zuanelli
Gabby,d' Eye
Lina,Andreoletti
Suzann,Meier
Sanson,Ziems
Adams,Pass
Daron,Speakman
Barret,Physick
Bondon,Purseglove
Vivia,Citrine
Anestassia,McWilliam
Giordano,Cammiemile
Free,Kinge
Derry,Ovey
Phil,Malser
Benn,Bellord
Austin,Livingstone
Alysa,Ciciotti
Revkah,Chifney
Germain,Paule
Shantee,Workman
Chris,Lokier
Ranna,Henken
Leann,Conws
Corrina,Frunks
Deana,Cordova
Becky,Plascott
Ellynn,Walburn
Elonore,Fores
Maureen,Cool
Ogden,MacKnocker
Thedric,Leeb
Tanitansy,Luff
Peri,Courvert
Alvera,Jedrysik
Giacomo,Brogi
Di,Killner
Octavia,Coulton
Welsh,Antyshev
Bunni,Swalough
Farra,Cheater
Mathew,Fenning
Biron,Tysall
Durante,Kenealy
Kory,Greenhill
Ekaterina,Leachman
Nerita,McQuaide
Russell,Raphael
Michaelina,McRill
Ly,Renbold
Malcolm,Muglestone
Murdock,Burburough
Saul,Schulze
Tadd,Liles
Hanson,Simonian
Reuven,Osbourne
Laurette,Libreros
Francyne,Geane
Anastasia,Rablin
Gertrude,Van Baaren
Lisbeth,Serrurier
Virginie,Horstead
Susanna,MacGilrewy
Giana,Theis
Cosimo,Arnoll
Kamila,Gladebeck
Bartie,Liepins
Lethia,Anthiftle
Edgar,Phillcox
Toby,Pattemore
Llywellyn,Wimbridge
Ambrose,Marikhin
Kora,Labet
Dasha,Karle
Maggy,Roome
Kerstin,Elwell
Justinian,Folkerd
Mirilla,Skey
Percival,d' Eye
Ram,State
Zebadiah,Peasee
Loella,McCrea
Lawrence,Hatherell
Raynard,Willatt
Ginny,Tennewell
Jackelyn,Alfonsini
Myron,Gennerich
Egan,Engelmann
Flore,Angell
Howey,Lough
Nappie,Gronous
Cosetta,Ciciura
Joyann,Stonehouse
Merill,Domenget
Huey,Berrey
Geoffrey,Sartain
Dotty,Dowthwaite
Consuela,Napolitano
Nat,Zecchinii
Christophe,MacPaden
Hubey,Faichney
Brody,Poundsford
Cloe,Safhill
Neel,Dunleavy
Northrop,Bracegirdle
Larry,Storton
Terri,Gyurko
Vasili,Jorden
